{
    "dinos": [
        {
            "nom": "Blue",
            "faim": 0,
            "soif": 0,
            "sante": 80,
            "prix": 100,
            "espece": "Vélociraptor"
        },
        {
            "nom": "Tank",
            "faim": 0,
            "soif": 0,
            "sante": 100,
            "prix": 150,
            "espece": "Tricératops"
        }
    ],
    "ressources": {
        "nourriture": 100,
        "eau": 100,
        "argent": 850
    },
    "jour": 1
}